,precision,recall,f1-score,support
MSIMUT,0.9043271139341008,0.9105929380413058,0.90744920993228,7505.0
MSS,0.9425316889345666,0.9383526603001364,0.9404375320458042,11728.0
accuracy,0.9275204076327146,0.9275204076327146,0.9275204076327146,0.9275204076327146
macro avg,0.9234294014343337,0.9244727991707211,0.9239433709890421,19233.0
weighted avg,0.9276237008215059,0.9275204076327146,0.9275650026711876,19233.0
